timestamp,pop_size,gene_count,mutation_rate,mutation_amount,sim_steps,generation,max_fitness,mean_fitness,median_fitness,max_height
2026-01-06 16:47:14,50,5,0.2,0.3,2400,0,0.015728242961543452,0.0027094546027483122,0.00034989815012565053,2.5017548244232297
2026-01-06 16:47:36,50,5,0.2,0.3,2400,1,0.025999490735609383,0.006660874498977052,0.003848324580791487,2.501427306613959
2026-01-06 16:47:57,50,5,0.2,0.3,2400,2,0.027566785492628105,0.008062942012304385,0.004156408474094698,2.5021822859849765
2026-01-06 16:48:17,50,5,0.2,0.3,2400,3,0.05283216205281271,0.012072313234463275,0.008192721584359734,2.500201816636298
2026-01-06 16:48:39,50,5,0.2,0.3,2400,4,0.05283216205281271,0.0185826725782518,0.018416882765880615,2.500312815265328
2026-01-06 16:49:00,50,5,0.2,0.3,2400,5,0.05283216205281271,0.017991422231431645,0.01563964004619469,2.5002343193237238
2026-01-06 16:49:22,50,5,0.2,0.3,2400,6,0.05594669242353937,0.02180255553925097,0.023466160024779033,2.5002194723190376
2026-01-06 16:49:42,50,5,0.2,0.3,2400,7,0.05724601817856202,0.026636877772589426,0.02595299772132327,2.5003272795463714
2026-01-06 16:50:03,50,5,0.2,0.3,2400,8,0.07465560379040079,0.022174632221263,0.022948939980294902,2.499959185081518
2026-01-06 16:50:24,50,5,0.2,0.3,2400,9,0.07465560379040079,0.022675650118081127,0.02092704058942942,2.499971427916303
2026-01-06 16:50:44,50,5,0.2,0.3,2400,10,0.07465560379040079,0.02642619470753753,0.02418398756209382,2.5000146181023664
2026-01-06 16:51:05,50,5,0.2,0.3,2400,11,0.07465560379040079,0.0229917182358929,0.020044160787980443,2.499942512868689
2026-01-06 16:51:25,50,5,0.2,0.3,2400,12,0.08336546700621546,0.026962402994847232,0.02264609705432743,2.5001288167685645
2026-01-06 16:51:45,50,5,0.2,0.3,2400,13,0.08336546700621546,0.027728431280485646,0.024171288841716338,2.4999261888840256
2026-01-06 16:52:05,50,5,0.2,0.3,2400,14,0.08336546700621546,0.024080680708811683,0.016994892390107135,2.5000649971416204
2026-01-06 16:52:25,50,5,0.2,0.3,2400,15,0.08452541522032661,0.030626238520902748,0.02744740936602287,2.5002219019633984
2026-01-06 16:52:44,50,5,0.2,0.3,2400,16,0.09024128680585462,0.032884585764642746,0.029600587067731984,2.5006392131376924
2026-01-06 16:53:04,50,5,0.2,0.3,2400,17,0.09024128680585462,0.034013436372498325,0.028121875379707693,2.5000062957471414
2026-01-06 16:53:23,50,5,0.2,0.3,2400,18,0.09024128680585462,0.035175452445574205,0.032416676131750886,2.50027067046281
2026-01-06 16:53:42,50,5,0.2,0.3,2400,19,0.09024128680585462,0.035218359883510096,0.03623224131892934,2.5006928055820836
2026-01-06 16:54:02,50,5,0.2,0.3,2400,20,0.09135823852779226,0.037765788379843686,0.03370290091231043,2.5003770161575867
2026-01-06 16:54:21,50,5,0.2,0.3,2400,21,0.09135823852779226,0.02868017479175573,0.023736930965627578,2.500454953035682
2026-01-06 16:54:41,50,5,0.2,0.3,2400,22,0.09149580094538583,0.03892094251439289,0.0397261672309093,2.5002662521484944
2026-01-06 16:55:00,50,5,0.2,0.3,2400,23,0.09149580094538583,0.031685855723084085,0.02791680643656147,2.5002041812944427
2026-01-06 16:55:19,50,5,0.2,0.3,2400,24,0.09149580094538583,0.04566761899609794,0.04809810572932671,2.5015042678792154
2026-01-06 16:55:39,50,5,0.2,0.3,2400,25,0.09149580094538583,0.02835513309335215,0.018144039776477633,2.5005216435740185
2026-01-06 16:55:58,50,5,0.2,0.3,2400,26,0.09149580094538583,0.0334896403506272,0.027521089711884873,2.5003308639024056
2026-01-06 16:56:18,50,5,0.2,0.3,2400,27,0.09149580094538583,0.04132475561021485,0.037682904464880776,2.5004558087562936
2026-01-06 16:56:38,50,5,0.2,0.3,2400,28,0.09149580094538583,0.038977019119058334,0.04130062760608512,2.5006582490982217
2026-01-06 16:56:57,50,5,0.2,0.3,2400,29,0.09149580094538583,0.03654504435898358,0.03210014463786153,2.4999614519620277
2026-01-06 16:57:17,50,5,0.2,0.3,2400,30,0.09149580094538583,0.03603017359334267,0.03445608216233305,2.499959516709117
2026-01-06 16:57:36,50,5,0.2,0.3,2400,31,0.09149580094538583,0.03311810556305439,0.0268235033366478,2.500514154236777
2026-01-06 16:57:55,50,5,0.2,0.3,2400,32,0.09149580094538583,0.038474518732833654,0.02894623917954952,2.5014631330016166
2026-01-06 16:58:14,50,5,0.2,0.3,2400,33,0.09149580094538583,0.0403986392468442,0.04113335378318027,2.500219495211787
2026-01-06 16:58:33,50,5,0.2,0.3,2400,34,0.09364847942427482,0.03499568681841206,0.02839957732890957,2.499976255240152
2026-01-06 16:58:52,50,5,0.2,0.3,2400,35,0.09364847942427482,0.03779025557889123,0.039399135335415704,2.500000557882997
2026-01-06 16:59:10,50,5,0.2,0.3,2400,36,0.09364847942427482,0.035014668148166304,0.027748751909234842,2.5002055343844987
2026-01-06 16:59:29,50,5,0.2,0.3,2400,37,0.09364847942427482,0.03640262328611376,0.03877978411336257,2.500204290510442
2026-01-06 16:59:48,50,5,0.2,0.3,2400,38,0.09364847942427482,0.02713826259785856,0.021977089664178134,2.5013300455137673
2026-01-06 17:00:08,50,5,0.2,0.3,2400,39,0.09364847942427482,0.028485181502727594,0.02522629340640555,2.5004311322022255
2026-01-06 17:00:27,50,5,0.2,0.3,2400,40,0.09364847942427482,0.03871237923491719,0.04015613005864273,2.5003821454212494
2026-01-06 17:00:46,50,5,0.2,0.3,2400,41,0.09364847942427482,0.0344565757018137,0.0319751113381107,2.5014565762323597
2026-01-06 17:01:05,50,5,0.2,0.3,2400,42,0.09364847942427482,0.03292106832659523,0.02896753119998815,2.5010628577255805
2026-01-06 17:01:25,50,5,0.2,0.3,2400,43,0.09364847942427482,0.03232264324262316,0.02767881306995481,2.501237571292609
2026-01-06 17:01:46,50,5,0.2,0.3,2400,44,0.09364847942427482,0.032080340913160095,0.03289627319898179,2.501106232668689
2026-01-06 17:02:05,50,5,0.2,0.3,2400,45,0.09364847942427482,0.03330869330416626,0.026379518940927233,2.500038443863708
2026-01-06 17:02:25,50,5,0.2,0.3,2400,46,0.09364847942427482,0.033416670482906474,0.02958822808123168,2.500346047430546
2026-01-06 17:02:45,50,5,0.2,0.3,2400,47,0.09364847942427482,0.034352733921184896,0.032637622370486286,2.5017360645756668
2026-01-06 17:03:04,50,5,0.2,0.3,2400,48,0.09364847942427482,0.03522227921932723,0.028063949072421594,2.5017078269871056
2026-01-06 17:03:24,50,5,0.2,0.3,2400,49,0.09364847942427482,0.032890885916168025,0.033085893886183604,2.5008097448752262
2026-01-06 17:03:43,50,5,0.2,0.3,2400,50,0.09364847942427482,0.03844230090996355,0.04291332174742159,2.500070865444469
2026-01-06 17:04:02,50,5,0.2,0.3,2400,51,0.09364847942427482,0.0371690989771555,0.03524536974979536,2.5014574853377516
2026-01-06 17:04:21,50,5,0.2,0.3,2400,52,0.09364847942427482,0.03239192436159377,0.03161036535899442,2.5016013664949424
2026-01-06 17:04:40,50,5,0.2,0.3,2400,53,0.09364847942427482,0.03987921650842713,0.04644758816399276,2.501423047607581
2026-01-06 17:04:59,50,5,0.2,0.3,2400,54,0.09364847942427482,0.03951676662959658,0.03777294041648492,2.5031084204789447
2026-01-06 17:05:18,50,5,0.2,0.3,2400,55,0.09364847942427482,0.038148164232478,0.03811377800943651,2.502457589347345
2026-01-06 17:05:37,50,5,0.2,0.3,2400,56,0.09364847942427482,0.028293828581576745,0.025713376062289663,2.500403277218295
2026-01-06 17:05:56,50,5,0.2,0.3,2400,57,0.09364847942427482,0.03448139847498003,0.028046425760044513,2.5004226862409533
2026-01-06 17:06:15,50,5,0.2,0.3,2400,58,0.09364847942427482,0.028160115291163083,0.02375511367197973,2.500348007237676
2026-01-06 17:06:34,50,5,0.2,0.3,2400,59,0.09364847942427482,0.03226130489739516,0.02933734217906016,2.500274844125088
2026-01-06 17:06:53,50,5,0.2,0.3,2400,60,0.09585672255901617,0.03600512048915441,0.03751926414221436,2.500628022933399
2026-01-06 17:07:12,50,5,0.2,0.3,2400,61,0.09585672255901617,0.03554554084917264,0.03009616661970191,2.500671297253255
2026-01-06 17:07:31,50,5,0.2,0.3,2400,62,0.09585672255901617,0.03457377386692248,0.03228608229081961,2.5002206859166773
2026-01-06 17:07:49,50,5,0.2,0.3,2400,63,0.09585672255901617,0.03448197458935574,0.03186866463634551,2.5017806399222016
2026-01-06 17:08:08,50,5,0.2,0.3,2400,64,0.09585672255901617,0.03171554666134553,0.025280695644996264,2.5014253272236293
2026-01-06 17:08:27,50,5,0.2,0.3,2400,65,0.09585672255901617,0.0386309204410449,0.03538379996744892,2.5015907309556153
2026-01-06 17:08:45,50,5,0.2,0.3,2400,66,0.09585672255901617,0.03953346332730433,0.03471382100086058,2.5011395343192193
2026-01-06 17:09:04,50,5,0.2,0.3,2400,67,0.09585672255901617,0.03563302863698932,0.028224848547313275,2.5001902663574556
2026-01-06 17:09:22,50,5,0.2,0.3,2400,68,0.09585672255901617,0.03987899488929743,0.03536384612590476,2.500033562625896
2026-01-06 17:09:41,50,5,0.2,0.3,2400,69,0.09585672255901617,0.042163606804574635,0.04007113624963497,2.500672788695161
2026-01-06 17:09:59,50,5,0.2,0.3,2400,70,0.09585672255901617,0.03821742631231139,0.039476305743034276,2.500258873099375
2026-01-06 17:10:18,50,5,0.2,0.3,2400,71,0.09585672255901617,0.03977052107818982,0.041427892548166104,2.5001798279048417
2026-01-06 17:10:36,50,5,0.2,0.3,2400,72,0.09635502933322333,0.03949282501596575,0.040816348872007774,2.500162633287579
2026-01-06 17:10:54,50,5,0.2,0.3,2400,73,0.09635502933322333,0.037673001762179366,0.040034405010318866,2.5000832203881944
2026-01-06 17:11:12,50,5,0.2,0.3,2400,74,0.09635502933322333,0.0401512066708292,0.03939865266901006,2.500302003795534
2026-01-06 17:11:31,50,5,0.2,0.3,2400,75,0.09635502933322333,0.04811679312612652,0.051238943488982065,2.500287726575109
2026-01-06 17:11:49,50,5,0.2,0.3,2400,76,0.09635502933322333,0.04017633568890025,0.042646338586710734,2.5002755450813723
2026-01-06 17:12:08,50,5,0.2,0.3,2400,77,0.09635502933322333,0.04382443956995224,0.04730170676657661,2.500381471790543
2026-01-06 17:12:27,50,5,0.2,0.3,2400,78,0.09635502933322333,0.036693312604306055,0.030246862410857937,2.4999905082526452
2026-01-06 17:12:46,50,5,0.2,0.3,2400,79,0.09635502933322333,0.03721608266353558,0.029441265796704894,2.501301784979467
2026-01-06 17:13:04,50,5,0.2,0.3,2400,80,0.09635502933322333,0.036417577023187826,0.036600198982364086,2.5007265157401886
2026-01-06 17:13:23,50,5,0.2,0.3,2400,81,0.09635502933322333,0.03820701128921408,0.0377107878777385,2.5000403246113834
2026-01-06 17:13:42,50,5,0.2,0.3,2400,82,0.09635502933322333,0.04128130900771901,0.04252208493865403,2.5000573008464206
2026-01-06 17:14:00,50,5,0.2,0.3,2400,83,0.09635502933322333,0.04416757611846284,0.04207531323333214,2.5001800169291206
2026-01-06 17:14:19,50,5,0.2,0.3,2400,84,0.09635502933322333,0.038969848211385966,0.040233184159641666,2.500054396824464
2026-01-06 17:14:38,50,5,0.2,0.3,2400,85,0.09635502933322333,0.029128860446679016,0.021560966146025103,2.50014018088579
2026-01-06 17:14:57,50,5,0.2,0.3,2400,86,0.09635502933322333,0.038811934399679365,0.03802767180542403,2.50022611769136
2026-01-06 17:15:16,50,5,0.2,0.3,2400,87,0.09635502933322333,0.037741140479483196,0.03779415345650017,2.500502394840364
2026-01-06 17:15:35,50,5,0.2,0.3,2400,88,0.09635502933322333,0.03905605356738948,0.03903719323684185,2.500053545165532
2026-01-06 17:15:54,50,5,0.2,0.3,2400,89,0.09635502933322333,0.03779385546936383,0.04040795092147462,2.5018369661438804
2026-01-06 17:16:13,50,5,0.2,0.3,2400,90,0.09635502933322333,0.03843848994266068,0.0419222565319322,2.5000480360194803
2026-01-06 17:16:32,50,5,0.2,0.3,2400,91,0.09635502933322333,0.03874278043191116,0.03930346450613405,2.4998979825811602
2026-01-06 17:16:50,50,5,0.2,0.3,2400,92,0.09635502933322333,0.041386804117977426,0.03753777965021911,2.499871112676521
2026-01-06 17:17:09,50,5,0.2,0.3,2400,93,0.09635502933322333,0.0511930073745532,0.052311839370217904,2.4997479311901656
2026-01-06 17:17:28,50,5,0.2,0.3,2400,94,0.09635502933322333,0.03913457869986671,0.03867360773799795,2.499794143290054
2026-01-06 17:17:47,50,5,0.2,0.3,2400,95,0.1001895190080499,0.04144125213940277,0.04600631352485205,2.4997396282396562
2026-01-06 17:18:06,50,5,0.2,0.3,2400,96,0.1001895190080499,0.03846615704742801,0.03980931463043656,2.499804543555951
2026-01-06 17:18:25,50,5,0.2,0.3,2400,97,0.1001895190080499,0.03844994482876343,0.03688660589226002,2.4998795488319807
2026-01-06 17:18:44,50,5,0.2,0.3,2400,98,0.1001895190080499,0.0325967767386277,0.025579942917714257,2.500203227875004
2026-01-06 17:19:03,50,5,0.2,0.3,2400,99,0.1001895190080499,0.032810249092686636,0.02649678982644783,2.500012833585936
